{
    "name": "alicja",
    "vendorId": "0x04D8",
    "productId": "0xE67C",
    "maintainer": "yohewi",
    "matrix":  {"rows": 9, "cols": 8},
    "layouts": {
            "keymap": [
                [
                {
                  "y": 0.05,
                  "x": 12.25,
                  "f": 1
                },
                "0.11"
              ],
              [
                {
                  "y": -0.8500000000000001,
                  "x": 13.25
                },
                "0.12"
              ],
              [
                {
                  "y": -1,
                  "x": 14.25
                },
                "0.13"
              ],
              [
                {
                  "y": -1,
                  "x": 15.25,
                  "f": 3
                },
                "0.14"
              ],
              [
                {
                  "y": -1,
                  "x": 17.25
                },
                "0.15"
              ],
              [
                {
                  "y": -0.6499999999999999,
                  "x": 0.25,
                  "f": 1
                },
                "0.0",
                {
                  "x": 0.25
                },
                "0.1"
              ],
              [
                {
                  "y": -0.3500000000000001,
                  "x": 13.15
                },
                "1.11",
                "1.12",
                {
                  "f": 3,
                  "w": 1.5
                },
                "1.13"
              ],
              [
                {
                  "y": -0.6500000000000001,
                  "x": 0.25,
                  "f": 1,
                  "w": 1.5
                },
                "1.0",
                "1.1"
              ],
              [
                {
                  "y": -0.34999999999999964,
                  "x": 12.75
                },
                "2.10",
                {
                  "f": 3
                },
                "2.11",
                "2.12",
                {
                  "f": 1,
                  "w": 2.25
                },
                "2.13"
              ],
              [
                {
                  "y": -0.6500000000000004,
                  "x": 0.15,
                  "w": 1.75
                },
                "2.0",
                "2.1"
              ],
              [
                {
                  "y": -0.34999999999999964,
                  "x": 13
                },
                "3.10",
                "3.11",
                "3.12",
                "3.13"
              ],
              [
                {
                  "y": -0.6500000000000004,
                  "w": 2.25
                },
                "3.0",
                "3.1"
              ],
              [
                {
                  "y": -0.34999999999999964,
                  "x": 12.75,
                  "w": 1.25
                },
                "4.6",
                {
                  "x": 1
                },
                "4.7",
                "4.8",
                "4.9"
              ],
              [
                {
                  "y": -0.6500000000000004,
                  "x": 0.5
                },
                "4.0"
              ],
              [
                {
                  "rx": 1,
                  "ry": 1,
                  "y": -0.75,
                  "x": 1.5
                },
                "0.2"
              ],
              [
                {
                  "r": 10,
                  "rx": 3,
                  "ry": 4.25,
                  "y": -4
                },
                "0.3",
                "0.4",
                "0.5",
                "0.6"
              ],
              [
                {
                  "x": -0.25
                },
                "1.2",
                "1.3",
                "1.4",
                "1.5"
              ],
              [
                "2.2",
                "2.3",
                "2.4",
                "2.5"
              ],
              [
                {
                  "x": 0.5
                },
                "3.2",
                "3.3",
                "3.4",
                "3.5"
              ],
              [
                {
                  "x": 0.75,
                  "w": 1.25
                },
                "4.1",
                {
                  "w": 2
                },
                "4.2",
                {
                  "f": 3
                },
                "4.3"
              ],
              [
                {
                  "r": -10,
                  "rx": 12.5,
                  "y": -4,
                  "x": -3.75,
                  "f": 1
                },
                "0.7",
                "0.8",
                "0.9",
                "0.10"
              ],
              [
                {
                  "x": -4
                },
                "1.6",
                "1.7",
                "1.8",
                "1.9",
                {
                  "f": 3
                },
                "1.10"
              ],
              [
                {
                  "x": -3.75,
                  "f": 1
                },
                "2.6",
                "2.7",
                "2.8",
                "2.9"
              ],
              [
                {
                  "x": -3.5
                },
                "3.6",
                "3.7",
                "3.8",
                {
                  "f": 3
                },
                "3.9"
              ],
              [
                {
                  "x": -3.75,
                  "f": 1,
                  "w": 2.25
                },
                "4.4",
                {
                  "x": 0.25,
                  "w": 1.25
                },
                "4.5"
              ]
        ]
    }
}
